<?xml version="3.0" encoding="UTF-8" standalone="yes"?>
<addon id="plugin.video.cineflix-on"
       name="[COLOR red][B]CineFlix[/B][/COLOR][COLOR green][B] On[/B][/COLOR]"
       version="1.0.0+matrix"
       provider-name="Team Vianna">
<requires>
    <import addon="xbmc.python" version="3.0.0"/>
    <import addon="script.module.requests"/>
    <import addon="script.module.simplejson"/>
	<import addon="script.module.kodi-six" />
</requires>  
<extension point="xbmc.python.pluginsource" library="default.py">
	<provides>video</provides>
</extension>   
<extension point="xbmc.addon.metadata">
	 <summary lang="en">Cine Flix On - Entretenimento para sua Família </summary>
    <description lang="en">Cine Flix On - Todo Conteúdo são links retirados da internet, não somos responsáveis pelos mesmos! </description>
    <disclaimer lang="en"></disclaimer>
	<platform>all</platform>
	<assets>
       <icon>icon.png</icon>
       <fanart>fanart.jpg</fanart>
</assets>
	<news>news
	</news>
</extension>
</addon>