<?xml version="1.0" encoding="UTF-8" standalone="yes"?>
<addon id="repository.TeamViannaREPO" name="TeamVianna REPO" version="1.0" provider-name="TEAM VIANNA">
    <extension point="xbmc.addon.repository" name="Nome Repository">
        <dir minversion="17.0.0" maxversion="18.9.0">
            <info compressed="false">https://raw.githubusercontent.com/RAPOSO-PAUL/TeamViannaREPO/tree/main/LEIA/addons.xml</info>
            <checksum>https://raw.githubusercontent.com/RAPOSO-PAUL/TeamViannaREPO/tree/main/LEIA/addons.xml.md5</checksum>
            <datadir zip="true">https://raw.githubusercontent.com/RAPOSO-PAUL/TeamViannaREPO/tree/main/LEIA/</datadir>
        </dir>
		<dir minversion="18.9.1">
            <info compressed="false">https://raw.githubusercontent.com/RAPOSO-PAUL/TeamViannaREPO/tree/main/MATRIX/addons.xml</info>
            <checksum>https://raw.githubusercontent.com/RAPOSO-PAUL/TeamViannaREPO/tree/main/MATRIX/addons.xml.md5</checksum>
            <datadir zip="true">https://raw.githubusercontent.com/RAPOSO-PAUL/TeamViannaREPO/tree/main/MATRIX/</datadir>
        </dir>
    </extension>
    <extension point="xbmc.addon.metadata">
        <summary>TeamVianna REPO</summary>
        <description>Encontre Tudo aqui neste reposítório</description>
        <disclaimer></disclaimer>
        <platform>all</platform>
        <assets>
            <icon>icon.png</icon>
            <fanart>fanart.jpg</fanart>
        </assets>
    </extension>
</addon>