<?xml version="1.0" encoding="UTF-8" standalone="yes"?>
<addon id="repository.TeamViannaREPO" name="TeamVianna REPO" version="1.0" provider-name="TEAM VIANNA">
    
	<requires>
        <import addon="xbmc.addon" version="12.0.0"/>
		</requires>
	
	<extension point="xbmc.addon.repository" name="TeamViannaREPO">
		
        <dir minversion="17.0.0" maxversion="18.9.0">
            <info compressed="false">https://raw.githubusercontent.com/RAPOSO-PAUL/TeamViannaREPO/master/LEIA/addons.xml</info>
            <checksum>https://raw.githubusercontent.com/RAPOSO-PAUL/TeamViannaREPO/master/LEIA/addons.xml.md5</checksum>
            <datadir zip="true">https://raw.githubusercontent.com/RAPOSO-PAUL/TeamViannaREPO/master/LEIA/</datadir>
        </dir>
		<dir minversion="18.9.1">
            <info compressed="false">https://raw.githubusercontent.com/RAPOSO-PAUL/TeamViannaREPO/master/MATRIX/addons.xml</info>
            <checksum>https://raw.githubusercontent.com/RAPOSO-PAUL/TeamViannaREPO/master/MATRIX/addons.xml.md5</checksum>
            <datadir zip="true">https://raw.githubusercontent.com/RAPOSO-PAUL/TeamViannaREPO/master/MATRIX/</datadir>
        </dir>
    </extension>
    <extension point="xbmc.addon.metadata">
        <summary>TeamVianna REPO</summary>
        <description>Encontre Tudo aqui neste reposítório</description>
        <disclaimer></disclaimer>
        <platform>all</platform>
        <assets>
            <icon>icon.png</icon>
            <fanart>fanart.jpg</fanart>
        </assets>
    </extension>
</addon>